epoch,steps,accuracy_cosine
1.0,860,0.8413333296775818
2.0,1720,0.8526666760444641
3.0,2580,0.8526666760444641
4.0,3440,0.8426666855812073
5.0,4300,0.8539999723434448
6.0,5160,0.8526666760444641
7.0,6020,0.8399999737739563
8.0,6880,0.746666669845581
9.0,7740,0.746666669845581
10.0,8600,0.7446666955947876
